{
  "project_info": {
    "project_number": "78165327759",
    "firebase_url": "https://ninjaproject-d1ea6.firebaseio.com",
    "project_id": "ninjaproject-d1ea6",
    "storage_bucket": "ninjaproject-d1ea6.appspot.com"
  },
  "client": [
    {
      "client_info": {
        "mobilesdk_app_id": "1:78165327759:android:ae920b006372685af055fa",
        "android_client_info": {
          "package_name": "com.thenetninja.brew_crew"
        }
      },
      "oauth_client": [
        {
          "client_id": "78165327759-ecq24c355rkaat03089ju68ph9bb7t2e.apps.googleusercontent.com",
          "client_type": 3
        }
      ],
      "api_key": [
        {
          "current_key": "AIzaSyDtlqH5VdxLZp-V1fPGpRG3FJbKKYiRt5M"
        }
      ],
      "services": {
        "appinvite_service": {
          "other_platform_oauth_client": [
            {
              "client_id": "78165327759-ecq24c355rkaat03089ju68ph9bb7t2e.apps.googleusercontent.com",
              "client_type": 3
            }
          ]
        }
      }
    }
  ],
  "configuration_version": "1"
}